{
    "Dist 1000": {
        "ph -0.17453292519943295": {
            "Err 0": [
                -18.68794112333057,
                0.0
            ],
            "Err 10": [
                30.424106787637616,
                0.0
            ]
        },
        "ph -1.2217304763960306": {
            "Err 0": [
                -78.67243668800721,
                0.0
            ],
            "Err 10": [
                -52.00204879676007,
                0.0
            ]
        },
        "ph 0": {
            "Err 0": [
                -8.687180276757456,
                0.0
            ],
            "Err 10": [
                45.655267693453304,
                0.0
            ]
        },
        "ph 0.17453292519943295": {
            "Err 0": [
                1.3147613257347175,
                0.0
            ],
            "Err 10": [
                -43.30731909659618,
                0.0
            ]
        },
        "ph 0.3742509515051441": {
            "Err 0": [
                12.761125106114822,
                0.0
            ],
            "Err 10": [
                34.314174850431236,
                0.0
            ]
        },
        "ph 0.7853981633974483": {
            "Err 0": [
                36.326559958222745,
                0.0
            ],
            "Err 10": [
                19.467035305934314,
                0.0
            ]
        },
        "ph 1.5707963267948966": {
            "Err 0": [
                81.33239344644143,
                0.0
            ],
            "Err 10": [
                42.903392575534404,
                0.0
            ]
        },
        "ph 2.478367537831948": {
            "Err 0": [
                133.3164058917361,
                0.0
            ],
            "Err 10": [
                119.47705361250065,
                0.0
            ]
        },
        "ph 6.1086523819801535": {
            "Err 0": [
                -18.68794112333057,
                0.0
            ],
            "Err 10": [
                16.144917468172476,
                0.0
            ]
        }
    },
    "Dist 140000": {
        "ph -0.17453292519943295": {
            "Err 0": [
                -16.489954942418517,
                0.0
            ],
            "Err 10": [
                23.260864195710177,
                0.0
            ]
        },
        "ph -1.2217304763960306": {
            "Err 0": [
                -76.4899511858476,
                0.0
            ],
            "Err 10": [
                -47.35868092448489,
                0.0
            ]
        },
        "ph 0": {
            "Err 0": [
                -6.489955884273185,
                0.0
            ],
            "Err 10": [
                22.459317255578966,
                0.0
            ]
        },
        "ph 0.17453292519943295": {
            "Err 0": [
                3.5100433873803163,
                0.0
            ],
            "Err 10": [
                -11.296974569872734,
                0.0
            ]
        },
        "ph 0.3742509515051441": {
            "Err 0": [
                14.953042920977397,
                0.0
            ],
            "Err 10": [
                7.882434845991134,
                0.0
            ]
        },
        "ph 0.7853981633974483": {
            "Err 0": [
                38.51004343522475,
                0.0
            ],
            "Err 10": [
                92.36266429827751,
                0.0
            ]
        },
        "ph 1.5707963267948966": {
            "Err 0": [
                83.51004765382979,
                0.0
            ],
            "Err 10": [
                86.03879509516086,
                0.0
            ]
        },
        "ph 2.478367537831948": {
            "Err 0": [
                135.51004782913662,
                0.0
            ],
            "Err 10": [
                120.558165390209,
                0.0
            ]
        },
        "ph 6.1086523819801535": {
            "Err 0": [
                -16.489954942418517,
                0.0
            ],
            "Err 10": [
                10.22616568978687,
                0.0
            ]
        }
    },
    "Dist 30760": {
        "ph -0.17453292519943295": {
            "Err 0": [
                -16.792870422348628,
                0.0
            ],
            "Err 10": [
                3.5026556076195536,
                0.0
            ]
        },
        "ph -1.2217304763960306": {
            "Err 0": [
                -76.79287119287484,
                0.0
            ],
            "Err 10": [
                -100.0836577204895,
                0.0
            ]
        },
        "ph 0": {
            "Err 0": [
                -6.792870050102855,
                0.0
            ],
            "Err 10": [
                -50.733613662085034,
                0.0
            ]
        },
        "ph 0.17453292519943295": {
            "Err 0": [
                3.207130289597116,
                0.0
            ],
            "Err 10": [
                -38.63765141746909,
                0.0
            ]
        },
        "ph 0.3742509515051441": {
            "Err 0": [
                14.650130579900724,
                0.0
            ],
            "Err 10": [
                17.503395472378774,
                0.0
            ]
        },
        "ph 0.7853981633974483": {
            "Err 0": [
                38.20713071184851,
                0.0
            ],
            "Err 10": [
                26.339051705023508,
                0.0
            ]
        },
        "ph 1.5707963267948966": {
            "Err 0": [
                83.20712940795926,
                0.0
            ],
            "Err 10": [
                122.2466503553926,
                0.0
            ]
        },
        "ph 2.478367537831948": {
            "Err 0": [
                135.20712873779263,
                0.0
            ],
            "Err 10": [
                132.17834980857282,
                0.0
            ]
        },
        "ph 6.1086523819801535": {
            "Err 0": [
                -16.792870422348628,
                0.0
            ],
            "Err 10": [
                19.66656390648757,
                0.0
            ]
        }
    },
    "Dist 35000": {
        "ph -0.17453292519943295": {
            "Err 0": [
                -6.130011295245083,
                0.0
            ],
            "Err 10": [
                -58.99885656160937,
                0.0
            ]
        },
        "ph -1.2217304763960306": {
            "Err 0": [
                -66.13001104337262,
                0.0
            ],
            "Err 10": [
                -49.20539149072286,
                0.0
            ]
        },
        "ph 0": {
            "Err 0": [
                3.869989043004835,
                0.0
            ],
            "Err 10": [
                12.568258654725058,
                0.0
            ]
        },
        "ph 0.17453292519943295": {
            "Err 0": [
                13.869989421143744,
                0.0
            ],
            "Err 10": [
                -4.2182394720426855,
                0.0
            ]
        },
        "ph 0.3742509515051441": {
            "Err 0": [
                25.3129898379474,
                0.0
            ],
            "Err 10": [
                63.974897532307445,
                0.0
            ]
        },
        "ph 0.7853981633974483": {
            "Err 0": [
                48.869990411989306,
                0.0
            ],
            "Err 10": [
                77.60534018353378,
                0.0
            ]
        },
        "ph 1.5707963267948966": {
            "Err 0": [
                93.86998970214862,
                0.0
            ],
            "Err 10": [
                113.83022263027954,
                0.0
            ]
        },