{
    "Dist 1000": {
        "ph 0.0": {
            "Err 0": [
                [
                    0.9994680042227901,
                    2.5021002583807426
                ],
                [
                    1.587618925213974e-14,
                    3.1530333899354446e-14
                ]
            ],
            "Err 10": [
                [
                    1.0000145146402373,
                    2.9779359412298225
                ],
                [
                    0.023212153646470363,
                    32.06288793716182
                ]
            ],
            "Err 40": [
                [
                    1.0012362012119573,
                    7.721112243410207
                ],
                [
                    0.09225623556590928,
                    115.83089969741411
                ]
            ],
            "Err 5": [
                [
                    0.9999247643697868,
                    3.065968327229691
                ],
                [
                    0.011381509626194029,
                    15.72338603483351
                ]
            ]
        }
    },
    "Dist 140000": {
        "ph 0.0": {
            "Err 0": [
                [
                    0.9929615096274351,
                    20.460897785153357
                ],
                [
                    4.3298697960381105e-15,
                    3.161915174132446e-13
                ]
            ],
            "Err 10": [
                [
                    0.9929525150619999,
                    18.70906165886228
                ],
                [
                    0.0001638511778446858,
                    31.87667013548918
                ]
            ],
            "Err 40": [
                [
                    0.9930004093992787,
                    -6.921550123199774
                ],
                [
                    0.000640341918854807,
                    113.66762845985564
                ]
            ],
            "Err 5": [
                [
                    0.9929603967150606,
                    20.24389366803162
                ],
                [
                    8.17646508298975e-05,
                    15.90699274665021
                ]
            ]
        }
    },
    "Dist 30760": {
        "ph 0.0": {
            "Err 0": [
                [
                    0.9974998783277675,
                    -0.8999873159366154
                ],
                [
                    1.4099832412739488e-14,
                    1.2989609388114332e-14
                ]
            ],
            "Err 10": [
                [
                    0.9975111177066895,
                    -0.4300669254341247
                ],
                [
                    0.0007337077788929784,
                    31.23933655600368
                ]
            ],
            "Err 40": [
                [
                    0.9974172782191261,
                    -3.8395938212107423
                ],
                [
                    0.0029849535105886523,
                    116.5644598149354
                ]
            ],
            "Err 5": [
                [
                    0.9974841452912223,
                    -1.5720432413568612
                ],
                [
                    0.0003695069640788121,
                    15.732584321133086
                ]
            ]
        }
    },
    "Dist 35000": {
        "ph 0.0": {
            "Err 0": [
                [
                    0.9970854520936442,
                    5.082902253542123
                ],
                [
                    8.326672684688674e-15,
                    5.684341886080802e-14
                ]
            ],
            "Err 10": [
                [
                    0.9970727016813433,
                    4.457223362371284
                ],
                [
                    0.0006511432691142609,
                    31.55749623153741
                ]
            ],
            "Err 40": [
                [
                    0.9970813896690292,
                    2.597991291647371
                ],
                [
                    0.002650077030745058,
                    116.6734940489968
                ]
            ],
            "Err 5": [
                [
                    0.997087165254948,
                    5.163907903870558
                ],
                [
                    0.00033309116578355,
                    16.143129000927868
                ]
            ]
        }
    },
    "Dist 37760.1695479": {
        "ph 0.0": {
            "Err 0": [
                [
                    0.997424457254488,
                    0.056353661184372544
                ],
                [
                    1.0103029524088925e-14,
                    1.1310397063368782e-15
                ]
            ],
            "Err 10": [
                [
                    0.9974299934848952,
                    0.33828709881724894
                ],
                [
                    0.0006150955836475224,
                    32.14979748834433
                ]
            ],
            "Err 40": [
                [
                    0.9975548735049344,
                    -5.835172617977295
                ],
                [
                    0.0023426064762878535,
                    112.34478562548543
                ]
            ],
            "Err 5": [
                [
                    0.9974140423855122,
                    -0.48975878132595063
                ],
                [
                    0.0002977873219005604,
                    15.56487569041788
                ]
            ]
        }
    },
    "Dist 40000": {
        "ph 0.0": {
            "Err 0": [
                [
                    0.9991246271084496,
                    1.1021289468539235
                ],
                [
                    1.3211653993039363e-14,
                    3.9968028886505635e-15
                ]
            ],
            "Err 10": [
                [
                    0.9991249019652725,
                    1.1103513110697076
                ],
                [
                    0.0005796088551774944,
                    32.03713157872965
                ]
            ],
            "Err 40": [
                [
                    0.9991458845828319,
                    -6.114932042348583
                ],
                [
                    0.002323805095706158,
                    117.04376703816534
                ]
            ],
            "Err 5": [
                [
                    0.9991282835504606,
                    1.3025081965264027
                ],
                [
                    0.0002884167748511947,
                    15.94185706917847
                ]
            ]
        }
    },
    "Dist 80000": {
        "ph 0.0": {
            "Err 0": [
                [
                    0.996164358769532,
                    18.7000181922449
                ],
                [
                    8.659739592076221e-15,
                    1.4210854715202004e-14
                ]
            ],
            "Err 10": [
                [
                    0.9961697628657292,
                    19.2956740490006
                ],
                [
                    0.00028495376297214223,
                    31.587084806777387
                ]
            ],
            "Err 40": [
                [
                    0.9961685815535832,
                    -9.68679997305582
                ],
                [
                    0.0011470644247799696,
                    115.20546843761277
                ]
            ],