{
    "Dist: 1000": {
        "Err: 0": [
            -8.687180276757458,
            1.7763568394002505e-15
        ],
        "Err: 10": [
            -9.133849734503677,
            30.457626531125424
        ],
        "Err: 40": [
            -0.8513730928585721,
            121.59199168988096
        ],
        "Err: 5": [
            -11.540650174089302,
            14.607761856874998
        ]
    },
    "Dist: 140000": {
        "Err: 0": [
            -6.489955884273185,
            0.0
        ],
        "Err: 10": [
            -7.175491541119507,
            31.767754993363024
        ],
        "Err: 40": [
            13.5274233530509,
            124.65724868015319
        ],
        "Err: 5": [
            -7.8619914018585915,
            16.8462788160978
        ]
    },
    "Dist: 30760": {
        "Err: 0": [
            -6.792870050102851,
            3.552713678800501e-15
        ],
        "Err: 10": [
            -7.457760549856045,
            31.733568415891668
        ],
        "Err: 40": [
            18.056026026114726,
            121.62748522388895
        ],
        "Err: 5": [
            -6.601504741300519,
            15.905686367410025
        ]
    },
    "Dist: 35000": {
        "Err: 0": [
            3.869989043004834,
            1.3322676295501878e-15
        ],
        "Err: 10": [
            7.298835749255761,
            35.49120450470654
        ],
        "Err: 40": [
            -1.1973352527835948,
            112.8256639006201
        ],
        "Err: 5": [
            4.97487854776846,
            16.248584344898045
        ]
    },
    "Dist: 37760.1695479": {
        "Err: 0": [
            -1.6859598988049809,
            6.661338147750939e-16
        ],
        "Err: 10": [
            -0.731812923610302,
            30.09226113123349
        ],
        "Err: 40": [
            3.4762473599589283,
            111.99602652543803
        ],
        "Err: 5": [
            -3.2567529910919233,
            14.773959333827836
        ]
    },
    "Dist: 40000": {
        "Err: 0": [
            4.422844942439551,
            8.881784197001252e-16
        ],
        "Err: 10": [
            11.597508828846172,
            29.921166899007105
        ],
        "Err: 40": [
            8.728059660784748,
            111.69120247112949
        ],
        "Err: 5": [
            3.388680980547538,
            15.767951381178454
        ]
    },
    "Dist: 80000": {
        "Err: 0": [
            8.845688730471691,
            0.0
        ],
        "Err: 10": [
            10.269352168259266,
            32.6210668160802
        ],
        "Err: 40": [
            -12.288389163241941,
            113.70998407502708
        ],
        "Err: 5": [
            9.570484516064356,
            15.27798115364211
        ]
    }
}